id,word,unicode,std_poly_LC,book,chapter,verse,word_index
1,*KAI\,Καὶ,καί,JOH,7,53,1
2,A)PH=LQEN,ἀπῆλθεν,ἀπῆλθεν,JOH,7,53,2
3,E(/KASTOS,ἕκαστος,ἕκαστος,JOH,7,53,3
4,EI)S,εἰς,εἰς,JOH,7,53,4
5,TO\N,τὸν,τόν,JOH,7,53,5
6,OI)=KON,οἶκον,οἶκον,JOH,7,53,6
7,AU)TOU=,αὐτοῦ,αὐτοῦ,JOH,7,53,7
8,KAI\,καὶ,καί,JOH,8,1,1
9,O(,ὁ,ὁ,JOH,8,1,2
10,*)IHSOU=S,Ἰησοῦς,ἰησοῦς,JOH,8,1,3
11,E)POREU/QH,ἐπορεύθη,ἐπορεύθη,JOH,8,1,4
12,EI)S,εἰς,εἰς,JOH,8,1,5
13,TO\,τὸ,τό,JOH,8,1,6
14,O)/ROS,ὄρος,ὄρος,JOH,8,1,7
15,TW=N,τῶν,τῶν,JOH,8,1,8
16,*)ELAIW=N,Ἐλαιῶν,ἐλαιῶν,JOH,8,1,9
17,*)/ORQROU,Ὄρθρου,ὄρθρου,JOH,8,2,1
18,DE\,δὲ,δέ,JOH,8,2,2
19,PA/LIN,πάλιν,πάλιν,JOH,8,2,3
20,H)=LQEN,ἦλθεν,ἦλθεν,JOH,8,2,4
21,O(,ὁ,ὁ,JOH,8,2,5
22,*)IHSOU=S,Ἰησοῦς,ἰησοῦς,JOH,8,2,6
23,EI)S,εἰς,εἰς,JOH,8,2,7
24,TO\,τὸ,τό,JOH,8,2,8
25,I(ERO/N,ἱερόν,ἱερόν,JOH,8,2,9
26,KAI\,καὶ,καί,JOH,8,2,10
27,PA=S,πᾶς,πᾶς,JOH,8,2,11
28,O(,ὁ,ὁ,JOH,8,2,12
29,LAO\S,λαὸς,λαός,JOH,8,2,13
30,H)/RXETO,ἤρχετο,ἤρχετο,JOH,8,2,14
31,PRO\S,πρὸς,πρός,JOH,8,2,15
32,AU)TO/N,αὐτόν,αὐτόν,JOH,8,2,16
33,KAI\,καὶ,καί,JOH,8,2,17
34,KAQI/SAS,καθίσας,καθίσας,JOH,8,2,18
35,E)DI/DASKEN,ἐδίδασκεν,ἐδίδασκεν,JOH,8,2,19
36,AU)TOU/S,αὐτούς,αὐτούς,JOH,8,2,20
37,*)/AGOUSIN,Ἄγουσιν,ἄγουσιν,JOH,8,3,1
38,DE\,δὲ,δέ,JOH,8,3,2
39,OI(,οἱ,οἱ,JOH,8,3,3
40,GRAMMATEI=S,γραμματεῖς,γραμματεῖς,JOH,8,3,4
41,KAI\,καὶ,καί,JOH,8,3,5
42,OI(,οἱ,οἱ,JOH,8,3,6
43,*FARISAI=OI,Φαρισαῖοι,φαρισαῖοι,JOH,8,3,7
44,GUNAI=KA,γυναῖκα,γυναῖκα,JOH,8,3,8
45,E)PI\,ἐπὶ,ἐπί,JOH,8,3,9
46,MOIXEI/A|,μοιχείᾳ,μοιχείᾳ,JOH,8,3,10
47,KATEILHMME/NHN,κατειλημμένην,κατειλημμένην,JOH,8,3,11
48,KAI\,καὶ,καί,JOH,8,3,12
49,STH/SANTES,στήσαντες,στήσαντες,JOH,8,3,13
50,AU)TH\N,αὐτὴν,αὐτήν,JOH,8,3,14
51,E)N,ἐν,ἐν,JOH,8,3,15
52,TW=|,τῷ,τῷ,JOH,8,3,16
53,ME/SW|,μέσῳ,μέσῳ,JOH,8,3,17
54,EI)=PON,εἶπον,εἶπον,JOH,8,4,1
55,AU)TW=|,αὐτῷ,αὐτῷ,JOH,8,4,2
56,*DIDA/SKALE,Διδάσκαλε,διδάσκαλε,JOH,8,4,3
57,TAU/THN,ταύτην,ταύτην,JOH,8,4,4
58,EU(/ROMEN,εὕρομεν,εὕρομεν,JOH,8,4,5
59,E)P,ἐπ,ἐπ,JOH,8,4,6
60,MOIXEUOME/NHN,μοιχευομένην,μοιχευομένην,JOH,8,4,7
61,*)EN,Ἐν,ἐν,JOH,8,5,1
62,DE\,δὲ,δέ,JOH,8,5,2
63,TW=|,τῷ,τῷ,JOH,8,5,3
64,NO/MW|,νόμῳ,νόμῳ,JOH,8,5,4
65,H(MW=N,ἡμῶν,ἡμῶν,JOH,8,5,5
66,E)NETEI/LATO,ἐνετείλατο,ἐνετείλατο,JOH,8,5,6
67,TA\S,τὰς,τάς,JOH,8,5,7
68,TOIAU/TAS,τοιαύτας,τοιαύτας,JOH,8,5,8
69,LIQA/ZEIN,λιθάζειν,λιθάζειν,JOH,8,5,9
70,SU\,σὺ,σύ,JOH,8,5,10
71,OU)=N,οὖν,οὖν,JOH,8,5,11
72,TI/,τί,τί,JOH,8,5,12
73,LE/GEIS,λέγεις,λέγεις,JOH,8,5,13
74,*TOU=TO,Τοῦτο,τοῦτο,JOH,8,6,1
75,DE\,δὲ,δέ,JOH,8,6,2
76,E)/LEGON,ἔλεγον,ἔλεγον,JOH,8,6,3
77,PEIRA/ZONTES,πειράζοντες,πειράζοντες,JOH,8,6,4
78,AU)TO/N,αὐτόν,αὐτόν,JOH,8,6,5
79,I(/NA,ἵνα,ἵνα,JOH,8,6,6
80,E)/XWSIN,ἔχωσιν,ἔχωσιν,JOH,8,6,7
81,KATHGORI/AN,κατηγορίαν,κατηγορίαν,JOH,8,6,8
82,KAT,κατ,κατ,JOH,8,6,9
83,AU)TOU=,αὐτοῦ,αὐτοῦ,JOH,8,6,10
84,*(O,Ὁ,ὁ,JOH,8,6,11
85,DE\,δὲ,δέ,JOH,8,6,12
86,*)IHSOU=S,Ἰησοῦς,ἰησοῦς,JOH,8,6,13
87,KA/TW,κάτω,κάτω,JOH,8,6,14
88,KU/YAS,κύψας,κύψας,JOH,8,6,15
89,TW=|,τῷ,τῷ,JOH,8,6,16
90,DAKTU/LW|,δακτύλῳ,δακτύλῳ,JOH,8,6,17
91,E)/GRAFEN,ἔγραφεν,ἔγραφεν,JOH,8,6,18
92,EI)S,εἰς,εἰς,JOH,8,6,19
93,TH\N,τὴν,τήν,JOH,8,6,20
94,GH=N,γῆν,γῆν,JOH,8,6,21
95,*(WS,Ὡς,ὡς,JOH,8,7,1
96,DE\,δὲ,δέ,JOH,8,7,2
97,E)PE/MENON,ἐπέμενον,ἐπέμενον,JOH,8,7,3
98,E)PERWTW=NTES,ἐπερωτῶντες,ἐπερωτῶντες,JOH,8,7,4
99,AU)TO/N,αὐτόν,αὐτόν,JOH,8,7,5
100,A)NABLE/YAS,ἀναβλέψας,ἀναβλέψας,JOH,8,7,6
101,EI)=PEN,εἶπεν,εἶπεν,JOH,8,7,7
102,AU)TOI=S,αὐτοῖς,αὐτοῖς,JOH,8,7,8
103,*(O,Ὁ,ὁ,JOH,8,7,9
104,A)NAMA/RTHTOS,ἀναμάρτητος,ἀναμάρτητος,JOH,8,7,10
105,U(MW=N,ὑμῶν,ὑμῶν,JOH,8,7,11
106,PRW=TOS,πρῶτος,πρῶτος,JOH,8,7,12
107,LI/QON,λίθον,λίθον,JOH,8,7,13
108,BALE/TW,βαλέτω,βαλέτω,JOH,8,7,14
109,E)P,ἐπ,ἐπ,JOH,8,7,15
110,AU)TH/N,αὐτήν,αὐτήν,JOH,8,7,16
111,*KAI\,Καὶ,καί,JOH,8,8,1
112,PA/LIN,πάλιν,πάλιν,JOH,8,8,2
113,KA/TW,κάτω,κάτω,JOH,8,8,3
114,KU/YAS,κύψας,κύψας,JOH,8,8,4
115,E)/GRAFEN,ἔγραφεν,ἔγραφεν,JOH,8,8,5
116,EI)S,εἰς,εἰς,JOH,8,8,6
117,TH\N,τὴν,τήν,JOH,8,8,7
118,GH=N,γῆν,γῆν,JOH,8,8,8
119,*OI(,Οἱ,οἱ,JOH,8,9,1
120,DE/,δέ,δέ,JOH,8,9,2
121,A)KOU/SANTES,ἀκούσαντες,ἀκούσαντες,JOH,8,9,3
122,EI(=S,εἷς,εἷς,JOH,8,9,4
123,KAQ,καθ,καθ,JOH,8,9,5
124,EI(=S,εἷς,εἷς,JOH,8,9,6
125,A)RCA/MENOI,ἀρξάμενοι,ἀρξάμενοι,JOH,8,9,7
126,A)PO\,ἀπὸ,ἀπό,JOH,8,9,8
127,TW=N,τῶν,τῶν,JOH,8,9,9
128,PRESBUTE/RWN,πρεσβυτέρων,πρεσβυτέρων,JOH,8,9,10
129,E(/WS,ἕως,ἕως,JOH,8,9,11
130,TW=N,τῶν,τῶν,JOH,8,9,12
131,E)SXA/TWN,ἐσχάτων,ἐσχάτων,JOH,8,9,13
132,KAI\,καὶ,καί,JOH,8,9,14
133,KATELEI/FQH,κατελείφθη,κατελείφθη,JOH,8,9,15
134,KAI\,καὶ,καί,JOH,8,9,16
135,H(,ἡ,ἡ,JOH,8,9,17
136,GUNH\,γυνὴ,γυνή,JOH,8,9,18
137,E)N,ἐν,ἐν,JOH,8,9,19
138,ME/SW|,μέσῳ,μέσῳ,JOH,8,9,20
139,OU)=SA,οὖσα,οὖσα,JOH,8,9,21
140,*)ANAKU/YAS,Ἀνακύψας,ἀνακύψας,JOH,8,10,1
141,DE\,δὲ,δέ,JOH,8,10,2
142,O(,ὁ,ὁ,JOH,8,10,3
143,*)IHSOU=S,Ἰησοῦς,ἰησοῦς,JOH,8,10,4
144,EI)=DEN,εἶδεν,εἶδεν,JOH,8,10,5
145,AU)TH\N,αὐτὴν,αὐτήν,JOH,8,10,6
146,KAI\,καὶ,καί,JOH,8,10,7
147,EI)=PEN,εἶπεν,εἶπεν,JOH,8,10,8
148,*GU/NAI,Γύναι,γύναι,JOH,8,10,9
149,POU=,ποῦ,ποῦ,JOH,8,10,10
150,*OU)DEI/S,Οὐδείς,οὐδείς,JOH,8,10,11
151,SE,σε,σε,JOH,8,10,12
152,KATE/KRINEN,κατέκρινεν,κατέκρινεν,JOH,8,10,13
153,*(H,Ἡ,ἡ,JOH,8,11,1
154,DE\,δὲ,δέ,JOH,8,11,2
155,EI)=PEN,εἶπεν,εἶπεν,JOH,8,11,3
156,*OU)DEI/S,Οὐδείς,οὐδείς,JOH,8,11,4
157,KU/RIE,κύριε,κύριε,JOH,8,11,5
158,*EI)=PEN,Εἶπεν,εἶπεν,JOH,8,11,6
159,DE\,δὲ,δέ,JOH,8,11,7
160,AU)TH=|,αὐτῇ,αὐτῇ,JOH,8,11,8
161,O(,ὁ,ὁ,JOH,8,11,9
162,*)IHSOU=S,Ἰησοῦς,ἰησοῦς,JOH,8,11,10
163,*OU)DE\,Οὐδὲ,οὐδέ,JOH,8,11,11
164,E)GW/,ἐγώ,ἐγώ,JOH,8,11,12
165,SE,σε,σε,JOH,8,11,13
166,KATAKRI/NW,κατακρίνω,κατακρίνω,JOH,8,11,14
167,POREU/OU,πορεύου,πορεύου,JOH,8,11,15
168,MHKE/TI,μηκέτι,μηκέτι,JOH,8,11,16
169,A(MA/RTANE,ἁμάρτανε,ἁμάρτανε,JOH,8,11,17
170,O(\S,ὃς,ὅς,ACT,24,6,1
171,KAI\,καὶ,καί,ACT,24,6,2
172,TO\,τὸ,τό,ACT,24,6,3
173,I(ERO\N,ἱερὸν,ἱερόν,ACT,24,6,4
174,E)PEI/RASEN,ἐπείρασεν,ἐπείρασεν,ACT,24,6,5
175,BEBHLW=SAI,βεβηλῶσαι,βεβηλῶσαι,ACT,24,6,6
176,O(\N,ὃν,ὅν,ACT,24,6,7
177,KAI\,καὶ,καί,ACT,24,6,8
178,E)KRATH/SAMEN,ἐκρατήσαμεν,ἐκρατήσαμεν,ACT,24,6,9
179,KAI\,καὶ,καί,ACT,24,6,10
180,KATA\,κατὰ,κατά,ACT,24,6,11
181,TO\N,τὸν,τόν,ACT,24,6,12
182,H(ME/TERON,ἡμέτερον,ἡμέτερον,ACT,24,6,13
183,NO/MON,νόμον,νόμον,ACT,24,6,14
184,H)QELH/SAMEN,ἠθελήσαμεν,ἠθελήσαμεν,ACT,24,6,15
185,KRI=NAI,κρῖναι,κρῖναι,ACT,24,6,16
186,*PARELQW\N,Παρελθὼν,παρελθών,ACT,24,7,1
187,DE\,δὲ,δέ,ACT,24,7,2
188,*LUSI/AS,Λυσίας,λυσίας,ACT,24,7,3
189,O(,ὁ,ὁ,ACT,24,7,4
190,XILI/ARXOS,χιλίαρχος,χιλίαρχος,ACT,24,7,5
191,META\,μετὰ,μετά,ACT,24,7,6
192,POLLH=S,πολλῆς,πολλῆς,ACT,24,7,7
193,BI/AS,βίας,βίας,ACT,24,7,8
194,E)K,ἐκ,ἐκ,ACT,24,7,9
195,TW=N,τῶν,τῶν,ACT,24,7,10
196,XEIRW=N,χειρῶν,χειρῶν,ACT,24,7,11
197,H(MW=N,ἡμῶν,ἡμῶν,ACT,24,7,12
198,A)PH/GAGEN,ἀπήγαγεν,ἀπήγαγεν,ACT,24,7,13
199,KELEU/SAS,κελεύσας,κελεύσας,ACT,24,8,1
200,TOU\S,τοὺς,τούς,ACT,24,8,2
201,KATHGO/ROUS,κατηγόρους,κατηγόρους,ACT,24,8,3
202,AU)TOU=,αὐτοῦ,αὐτοῦ,ACT,24,8,4
203,E)/RXESQAI,ἔρχεσθαι,ἔρχεσθαι,ACT,24,8,5
204,E)PI\,ἐπὶ,ἐπί,ACT,24,8,6
205,PAR,παρ,παρ,ACT,24,8,7
206,OU(=,οὗ,οὗ,ACT,24,8,8
207,DUNH/SH|,δυνήσῃ,δυνήσῃ,ACT,24,8,9
208,AU)TO\S,αὐτὸς,αὐτός,ACT,24,8,10
209,A)NAKRI/NAS,ἀνακρίνας,ἀνακρίνας,ACT,24,8,11
210,PERI\,περὶ,περί,ACT,24,8,12
211,PA/NTWN,πάντων,πάντων,ACT,24,8,13
212,TOU/TWN,τούτων,τούτων,ACT,24,8,14
213,E)PIGNW=NAI,ἐπιγνῶναι,ἐπιγνῶναι,ACT,24,8,15
214,W(=N,ὧν,ὧν,ACT,24,8,16
215,H(MEI=S,ἡμεῖς,ἡμεῖς,ACT,24,8,17
216,KATHGOROU=MEN,κατηγοροῦμεν,κατηγοροῦμεν,ACT,24,8,18
217,AU)TOU=,αὐτοῦ,αὐτοῦ,ACT,24,8,19
